sg_uf,nm_municipio,ds_genero,ds_raca_cor,ds_grau_instrucao,qtd
AL,Maceió,FEMININO,Amarela,ANALFABETO,2
AL,Maceió,FEMININO,Amarela,ENSINO FUNDAMENTAL COMPLETO,11
AL,Maceió,FEMININO,Amarela,ENSINO FUNDAMENTAL INCOMPLETO,33
AL,Maceió,FEMININO,Amarela,ENSINO MÉDIO COMPLETO,126
AL,Maceió,FEMININO,Amarela,ENSINO MÉDIO INCOMPLETO,50
AL,Maceió,FEMININO,Amarela,LÊ E ESCREVE,5
AL,Maceió,FEMININO,Amarela,SUPERIOR COMPLETO,41
AL,Maceió,FEMININO,Amarela,SUPERIOR INCOMPLETO,20
AL,Maceió,FEMININO,Branca,ANALFABETO,94
AL,Maceió,FEMININO,Branca,ENSINO FUNDAMENTAL COMPLETO,261
AL,Maceió,FEMININO,Branca,ENSINO FUNDAMENTAL INCOMPLETO,933
AL,Maceió,FEMININO,Branca,ENSINO MÉDIO COMPLETO,3083
AL,Maceió,FEMININO,Branca,ENSINO MÉDIO INCOMPLETO,1630
AL,Maceió,FEMININO,Branca,LÊ E ESCREVE,175
AL,Maceió,FEMININO,Branca,SUPERIOR COMPLETO,1840
AL,Maceió,FEMININO,Branca,SUPERIOR INCOMPLETO,892
AL,Maceió,FEMININO,Indígena,ENSINO FUNDAMENTAL COMPLETO,5
AL,Maceió,FEMININO,Indígena,ENSINO FUNDAMENTAL INCOMPLETO,5
AL,Maceió,FEMININO,Indígena,ENSINO MÉDIO COMPLETO,7
AL,Maceió,FEMININO,Indígena,ENSINO MÉDIO INCOMPLETO,8
AL,Maceió,FEMININO,Indígena,LÊ E ESCREVE,1
AL,Maceió,FEMININO,Indígena,SUPERIOR COMPLETO,2
AL,Maceió,FEMININO,Indígena,SUPERIOR INCOMPLETO,1
AL,Maceió,FEMININO,NÃO INFORMADO,ANALFABETO,11148
AL,Maceió,FEMININO,NÃO INFORMADO,ENSINO FUNDAMENTAL COMPLETO,15537
AL,Maceió,FEMININO,NÃO INFORMADO,ENSINO FUNDAMENTAL INCOMPLETO,66494
AL,Maceió,FEMININO,NÃO INFORMADO,ENSINO MÉDIO COMPLETO,91556
AL,Maceió,FEMININO,NÃO INFORMADO,ENSINO MÉDIO INCOMPLETO,46112
AL,Maceió,FEMININO,NÃO INFORMADO,LÊ E ESCREVE,18509
AL,Maceió,FEMININO,NÃO INFORMADO,SUPERIOR COMPLETO,44417
AL,Maceió,FEMININO,NÃO INFORMADO,SUPERIOR INCOMPLETO,24006
AL,Maceió,FEMININO,Parda,ANALFABETO,534
AL,Maceió,FEMININO,Parda,ENSINO FUNDAMENTAL COMPLETO,945
AL,Maceió,FEMININO,Parda,ENSINO FUNDAMENTAL INCOMPLETO,4294
AL,Maceió,FEMININO,Parda,ENSINO MÉDIO COMPLETO,7065
AL,Maceió,FEMININO,Parda,ENSINO MÉDIO INCOMPLETO,4355
AL,Maceió,FEMININO,Parda,LÊ E ESCREVE,864
AL,Maceió,FEMININO,Parda,SUPERIOR COMPLETO,1929
AL,Maceió,FEMININO,Parda,SUPERIOR INCOMPLETO,1058
AL,Maceió,FEMININO,Preta,ANALFABETO,88
AL,Maceió,FEMININO,Preta,ENSINO FUNDAMENTAL COMPLETO,125
AL,Maceió,FEMININO,Preta,ENSINO FUNDAMENTAL INCOMPLETO,575
AL,Maceió,FEMININO,Preta,ENSINO MÉDIO COMPLETO,789
AL,Maceió,FEMININO,Preta,ENSINO MÉDIO INCOMPLETO,558
AL,Maceió,FEMININO,Preta,LÊ E ESCREVE,89
AL,Maceió,FEMININO,Preta,SUPERIOR COMPLETO,148
AL,Maceió,FEMININO,Preta,SUPERIOR INCOMPLETO,125
AL,Maceió,MASCULINO,Amarela,ANALFABETO,3
AL,Maceió,MASCULINO,Amarela,ENSINO FUNDAMENTAL COMPLETO,11
AL,Maceió,MASCULINO,Amarela,ENSINO FUNDAMENTAL INCOMPLETO,14
AL,Maceió,MASCULINO,Amarela,ENSINO MÉDIO COMPLETO,41
AL,Maceió,MASCULINO,Amarela,ENSINO MÉDIO INCOMPLETO,30
AL,Maceió,MASCULINO,Amarela,LÊ E ESCREVE,4
AL,Maceió,MASCULINO,Amarela,SUPERIOR COMPLETO,11
AL,Maceió,MASCULINO,Amarela,SUPERIOR INCOMPLETO,14
AL,Maceió,MASCULINO,Branca,ANALFABETO,71
AL,Maceió,MASCULINO,Branca,ENSINO FUNDAMENTAL COMPLETO,206
AL,Maceió,MASCULINO,Branca,ENSINO FUNDAMENTAL INCOMPLETO,687
AL,Maceió,MASCULINO,Branca,ENSINO MÉDIO COMPLETO,2204
AL,Maceió,MASCULINO,Branca,ENSINO MÉDIO INCOMPLETO,1495
AL,Maceió,MASCULINO,Branca,LÊ E ESCREVE,134
AL,Maceió,MASCULINO,Branca,SUPERIOR COMPLETO,876
AL,Maceió,MASCULINO,Branca,SUPERIOR INCOMPLETO,593
AL,Maceió,MASCULINO,Indígena,ANALFABETO,1
AL,Maceió,MASCULINO,Indígena,ENSINO FUNDAMENTAL COMPLETO,1
AL,Maceió,MASCULINO,Indígena,ENSINO FUNDAMENTAL INCOMPLETO,10
AL,Maceió,MASCULINO,Indígena,ENSINO MÉDIO COMPLETO,8
AL,Maceió,MASCULINO,Indígena,ENSINO MÉDIO INCOMPLETO,9
AL,Maceió,MASCULINO,Indígena,LÊ E ESCREVE,1
AL,Maceió,MASCULINO,Indígena,SUPERIOR COMPLETO,2
AL,Maceió,MASCULINO,NÃO INFORMADO,ANALFABETO,6458
AL,Maceió,MASCULINO,NÃO INFORMADO,ENSINO FUNDAMENTAL COMPLETO,14059
AL,Maceió,MASCULINO,NÃO INFORMADO,ENSINO FUNDAMENTAL INCOMPLETO,59263
AL,Maceió,MASCULINO,NÃO INFORMADO,ENSINO MÉDIO COMPLETO,70385
AL,Maceió,MASCULINO,NÃO INFORMADO,ENSINO MÉDIO INCOMPLETO,42707
AL,Maceió,MASCULINO,NÃO INFORMADO,LÊ E ESCREVE,14516
AL,Maceió,MASCULINO,NÃO INFORMADO,SUPERIOR COMPLETO,27777
AL,Maceió,MASCULINO,NÃO INFORMADO,SUPERIOR INCOMPLETO,20769
AL,Maceió,MASCULINO,Parda,ANALFABETO,481
AL,Maceió,MASCULINO,Parda,ENSINO FUNDAMENTAL COMPLETO,758
AL,Maceió,MASCULINO,Parda,ENSINO FUNDAMENTAL INCOMPLETO,3711
AL,Maceió,MASCULINO,Parda,ENSINO MÉDIO COMPLETO,5175
AL,Maceió,MASCULINO,Parda,ENSINO MÉDIO INCOMPLETO,4399
AL,Maceió,MASCULINO,Parda,LÊ E ESCREVE,701
AL,Maceió,MASCULINO,Parda,SUPERIOR COMPLETO,937
AL,Maceió,MASCULINO,Parda,SUPERIOR INCOMPLETO,803
AL,Maceió,MASCULINO,Preta,ANALFABETO,129
AL,Maceió,MASCULINO,Preta,ENSINO FUNDAMENTAL COMPLETO,130
AL,Maceió,MASCULINO,Preta,ENSINO FUNDAMENTAL INCOMPLETO,734
AL,Maceió,MASCULINO,Preta,ENSINO MÉDIO COMPLETO,828
AL,Maceió,MASCULINO,Preta,ENSINO MÉDIO INCOMPLETO,776
AL,Maceió,MASCULINO,Preta,LÊ E ESCREVE,131
AL,Maceió,MASCULINO,Preta,SUPERIOR COMPLETO,97
AL,Maceió,MASCULINO,Preta,SUPERIOR INCOMPLETO,117
BA,Salvador,FEMININO,Amarela,ANALFABETO,1
BA,Salvador,FEMININO,Amarela,ENSINO FUNDAMENTAL COMPLETO,10
BA,Salvador,FEMININO,Amarela,ENSINO FUNDAMENTAL INCOMPLETO,32
BA,Salvador,FEMININO,Amarela,ENSINO MÉDIO COMPLETO,97
BA,Salvador,FEMININO,Amarela,ENSINO MÉDIO INCOMPLETO,65
BA,Salvador,FEMININO,Amarela,LÊ E ESCREVE,4
BA,Salvador,FEMININO,Amarela,SUPERIOR COMPLETO,50
BA,Salvador,FEMININO,Amarela,SUPERIOR INCOMPLETO,25
BA,Salvador,FEMININO,Branca,ANALFABETO,24
BA,Salvador,FEMININO,Branca,ENSINO FUNDAMENTAL COMPLETO,166
BA,Salvador,FEMININO,Branca,ENSINO FUNDAMENTAL INCOMPLETO,549
BA,Salvador,FEMININO,Branca,ENSINO MÉDIO COMPLETO,2784
BA,Salvador,FEMININO,Branca,ENSINO MÉDIO INCOMPLETO,1738
BA,Salvador,FEMININO,Branca,LÊ E ESCREVE,59
BA,Salvador,FEMININO,Branca,SUPERIOR COMPLETO,2413
BA,Salvador,FEMININO,Branca,SUPERIOR INCOMPLETO,1135
BA,Salvador,FEMININO,Indígena,ENSINO FUNDAMENTAL COMPLETO,1
BA,Salvador,FEMININO,Indígena,ENSINO FUNDAMENTAL INCOMPLETO,9
BA,Salvador,FEMININO,Indígena,ENSINO MÉDIO COMPLETO,18
BA,Salvador,FEMININO,Indígena,ENSINO MÉDIO INCOMPLETO,10
BA,Salvador,FEMININO,Indígena,LÊ E ESCREVE,1
BA,Salvador,FEMININO,Indígena,SUPERIOR COMPLETO,13
BA,Salvador,FEMININO,Indígena,SUPERIOR INCOMPLETO,9
BA,Salvador,FEMININO,NÃO INFORMADO,ANALFABETO,7547
BA,Salvador,FEMININO,NÃO INFORMADO,ENSINO FUNDAMENTAL COMPLETO,44293
BA,Salvador,FEMININO,NÃO INFORMADO,ENSINO FUNDAMENTAL INCOMPLETO,162105
BA,Salvador,FEMININO,NÃO INFORMADO,ENSINO MÉDIO COMPLETO,384050
BA,Salvador,FEMININO,NÃO INFORMADO,ENSINO MÉDIO INCOMPLETO,139151
BA,Salvador,FEMININO,NÃO INFORMADO,LÊ E ESCREVE,32262
BA,Salvador,FEMININO,NÃO INFORMADO,SUPERIOR COMPLETO,186770
BA,Salvador,FEMININO,NÃO INFORMADO,SUPERIOR INCOMPLETO,69920
BA,Salvador,FEMININO,Parda,ANALFABETO,167
BA,Salvador,FEMININO,Parda,ENSINO FUNDAMENTAL COMPLETO,936
BA,Salvador,FEMININO,Parda,ENSINO FUNDAMENTAL INCOMPLETO,4006
BA,Salvador,FEMININO,Parda,ENSINO MÉDIO COMPLETO,10996
BA,Salvador,FEMININO,Parda,ENSINO MÉDIO INCOMPLETO,7072
BA,Salvador,FEMININO,Parda,LÊ E ESCREVE,506
BA,Salvador,FEMININO,Parda,SUPERIOR COMPLETO,3916
BA,Salvador,FEMININO,Parda,SUPERIOR INCOMPLETO,1918
BA,Salvador,FEMININO,Preta,ANALFABETO,135
BA,Salvador,FEMININO,Preta,ENSINO FUNDAMENTAL COMPLETO,746
BA,Salvador,FEMININO,Preta,ENSINO FUNDAMENTAL INCOMPLETO,3335
BA,Salvador,FEMININO,Preta,ENSINO MÉDIO COMPLETO,8362
BA,Salvador,FEMININO,Preta,ENSINO MÉDIO INCOMPLETO,5925
BA,Salvador,FEMININO,Preta,LÊ E ESCREVE,400
BA,Salvador,FEMININO,Preta,SUPERIOR COMPLETO,1899
BA,Salvador,FEMININO,Preta,SUPERIOR INCOMPLETO,1209
BA,Salvador,MASCULINO,Amarela,ENSINO FUNDAMENTAL COMPLETO,11
BA,Salvador,MASCULINO,Amarela,ENSINO FUNDAMENTAL INCOMPLETO,20
BA,Salvador,MASCULINO,Amarela,ENSINO MÉDIO COMPLETO,50
BA,Salvador,MASCULINO,Amarela,ENSINO MÉDIO INCOMPLETO,53
BA,Salvador,MASCULINO,Amarela,LÊ E ESCREVE,4
BA,Salvador,MASCULINO,Amarela,SUPERIOR COMPLETO,19
BA,Salvador,MASCULINO,Amarela,SUPERIOR INCOMPLETO,15
BA,Salvador,MASCULINO,Branca,ANALFABETO,26
BA,Salvador,MASCULINO,Branca,ENSINO FUNDAMENTAL COMPLETO,163
BA,Salvador,MASCULINO,Branca,ENSINO FUNDAMENTAL INCOMPLETO,518
BA,Salvador,MASCULINO,Branca,ENSINO MÉDIO COMPLETO,2439
BA,Salvador,MASCULINO,Branca,ENSINO MÉDIO INCOMPLETO,1913
BA,Salvador,MASCULINO,Branca,LÊ E ESCREVE,67
BA,Salvador,MASCULINO,Branca,SUPERIOR COMPLETO,1391
BA,Salvador,MASCULINO,Branca,SUPERIOR INCOMPLETO,974
BA,Salvador,MASCULINO,Indígena,ANALFABETO,1
BA,Salvador,MASCULINO,Indígena,ENSINO FUNDAMENTAL COMPLETO,3
BA,Salvador,MASCULINO,Indígena,ENSINO FUNDAMENTAL INCOMPLETO,9
BA,Salvador,MASCULINO,Indígena,ENSINO MÉDIO COMPLETO,22
BA,Salvador,MASCULINO,Indígena,ENSINO MÉDIO INCOMPLETO,17
BA,Salvador,MASCULINO,Indígena,LÊ E ESCREVE,1
BA,Salvador,MASCULINO,Indígena,SUPERIOR COMPLETO,5
BA,Salvador,MASCULINO,Indígena,SUPERIOR INCOMPLETO,3
BA,Salvador,MASCULINO,NÃO INFORMADO,ANALFABETO,4421
BA,Salvador,MASCULINO,NÃO INFORMADO,ENSINO FUNDAMENTAL COMPLETO,45037
BA,Salvador,MASCULINO,NÃO INFORMADO,ENSINO FUNDAMENTAL INCOMPLETO,149773
BA,Salvador,MASCULINO,NÃO INFORMADO,ENSINO MÉDIO COMPLETO,296179
BA,Salvador,MASCULINO,NÃO INFORMADO,ENSINO MÉDIO INCOMPLETO,131539
BA,Salvador,MASCULINO,NÃO INFORMADO,LÊ E ESCREVE,24392
BA,Salvador,MASCULINO,NÃO INFORMADO,SUPERIOR COMPLETO,117660
BA,Salvador,MASCULINO,NÃO INFORMADO,SUPERIOR INCOMPLETO,57894
BA,Salvador,MASCULINO,Parda,ANALFABETO,201
BA,Salvador,MASCULINO,Parda,ENSINO FUNDAMENTAL COMPLETO,1123
BA,Salvador,MASCULINO,Parda,ENSINO FUNDAMENTAL INCOMPLETO,4798
BA,Salvador,MASCULINO,Parda,ENSINO MÉDIO COMPLETO,8451
BA,Salvador,MASCULINO,Parda,ENSINO MÉDIO INCOMPLETO,7449
BA,Salvador,MASCULINO,Parda,LÊ E ESCREVE,670
BA,Salvador,MASCULINO,Parda,SUPERIOR COMPLETO,1882
BA,Salvador,MASCULINO,Parda,SUPERIOR INCOMPLETO,1411
BA,Salvador,MASCULINO,Preta,ANALFABETO,271
BA,Salvador,MASCULINO,Preta,ENSINO FUNDAMENTAL COMPLETO,995
BA,Salvador,MASCULINO,Preta,ENSINO FUNDAMENTAL INCOMPLETO,4847
BA,Salvador,MASCULINO,Preta,ENSINO MÉDIO COMPLETO,6820
BA,Salvador,MASCULINO,Preta,ENSINO MÉDIO INCOMPLETO,7030
BA,Salvador,MASCULINO,Preta,LÊ E ESCREVE,648
BA,Salvador,MASCULINO,Preta,SUPERIOR COMPLETO,863
BA,Salvador,MASCULINO,Preta,SUPERIOR INCOMPLETO,840
CE,Fortaleza,FEMININO,Amarela,ANALFABETO,4
CE,Fortaleza,FEMININO,Amarela,ENSINO FUNDAMENTAL COMPLETO,21
CE,Fortaleza,FEMININO,Amarela,ENSINO FUNDAMENTAL INCOMPLETO,40
CE,Fortaleza,FEMININO,Amarela,ENSINO MÉDIO COMPLETO,177
CE,Fortaleza,FEMININO,Amarela,ENSINO MÉDIO INCOMPLETO,84
CE,Fortaleza,FEMININO,Amarela,LÊ E ESCREVE,4
CE,Fortaleza,FEMININO,Amarela,SUPERIOR COMPLETO,83
CE,Fortaleza,FEMININO,Amarela,SUPERIOR INCOMPLETO,46
CE,Fortaleza,FEMININO,Branca,ANALFABETO,139
CE,Fortaleza,FEMININO,Branca,ENSINO FUNDAMENTAL COMPLETO,545
CE,Fortaleza,FEMININO,Branca,ENSINO FUNDAMENTAL INCOMPLETO,1306
CE,Fortaleza,FEMININO,Branca,ENSINO MÉDIO COMPLETO,6947
CE,Fortaleza,FEMININO,Branca,ENSINO MÉDIO INCOMPLETO,5027
CE,Fortaleza,FEMININO,Branca,LÊ E ESCREVE,242
CE,Fortaleza,FEMININO,Branca,SUPERIOR COMPLETO,3687
CE,Fortaleza,FEMININO,Branca,SUPERIOR INCOMPLETO,2957
CE,Fortaleza,FEMININO,Indígena,ANALFABETO,3
CE,Fortaleza,FEMININO,Indígena,ENSINO FUNDAMENTAL COMPLETO,5
CE,Fortaleza,FEMININO,Indígena,ENSINO FUNDAMENTAL INCOMPLETO,12
CE,Fortaleza,FEMININO,Indígena,ENSINO MÉDIO COMPLETO,38
CE,Fortaleza,FEMININO,Indígena,ENSINO MÉDIO INCOMPLETO,28
CE,Fortaleza,FEMININO,Indígena,LÊ E ESCREVE,2
CE,Fortaleza,FEMININO,Indígena,SUPERIOR COMPLETO,9
CE,Fortaleza,FEMININO,Indígena,SUPERIOR INCOMPLETO,9
CE,Fortaleza,FEMININO,NÃO INFORMADO,ANALFABETO,12011
CE,Fortaleza,FEMININO,NÃO INFORMADO,ENSINO FUNDAMENTAL COMPLETO,56242
CE,Fortaleza,FEMININO,NÃO INFORMADO,ENSINO FUNDAMENTAL INCOMPLETO,157924
CE,Fortaleza,FEMININO,NÃO INFORMADO,ENSINO MÉDIO COMPLETO,288485
CE,Fortaleza,FEMININO,NÃO INFORMADO,ENSINO MÉDIO INCOMPLETO,123841
CE,Fortaleza,FEMININO,NÃO INFORMADO,LÊ E ESCREVE,37433
CE,Fortaleza,FEMININO,NÃO INFORMADO,NÃO INFORMADO,46
CE,Fortaleza,FEMININO,NÃO INFORMADO,SUPERIOR COMPLETO,162366
CE,Fortaleza,FEMININO,NÃO INFORMADO,SUPERIOR INCOMPLETO,64099
CE,Fortaleza,FEMININO,Parda,ANALFABETO,550
CE,Fortaleza,FEMININO,Parda,ENSINO FUNDAMENTAL COMPLETO,2247
CE,Fortaleza,FEMININO,Parda,ENSINO FUNDAMENTAL INCOMPLETO,6236
CE,Fortaleza,FEMININO,Parda,ENSINO MÉDIO COMPLETO,15430
CE,Fortaleza,FEMININO,Parda,ENSINO MÉDIO INCOMPLETO,10605
CE,Fortaleza,FEMININO,Parda,LÊ E ESCREVE,977
CE,Fortaleza,FEMININO,Parda,SUPERIOR COMPLETO,4183
CE,Fortaleza,FEMININO,Parda,SUPERIOR INCOMPLETO,3181
CE,Fortaleza,FEMININO,Preta,ANALFABETO,90
CE,Fortaleza,FEMININO,Preta,ENSINO FUNDAMENTAL COMPLETO,202
CE,Fortaleza,FEMININO,Preta,ENSINO FUNDAMENTAL INCOMPLETO,696
CE,Fortaleza,FEMININO,Preta,ENSINO MÉDIO COMPLETO,1721
CE,Fortaleza,FEMININO,Preta,ENSINO MÉDIO INCOMPLETO,1336
CE,Fortaleza,FEMININO,Preta,LÊ E ESCREVE,107
CE,Fortaleza,FEMININO,Preta,SUPERIOR COMPLETO,370
CE,Fortaleza,FEMININO,Preta,SUPERIOR INCOMPLETO,370
CE,Fortaleza,MASCULINO,Amarela,ANALFABETO,2
CE,Fortaleza,MASCULINO,Amarela,ENSINO FUNDAMENTAL COMPLETO,10
CE,Fortaleza,MASCULINO,Amarela,ENSINO FUNDAMENTAL INCOMPLETO,26
CE,Fortaleza,MASCULINO,Amarela,ENSINO MÉDIO COMPLETO,92
CE,Fortaleza,MASCULINO,Amarela,ENSINO MÉDIO INCOMPLETO,59
CE,Fortaleza,MASCULINO,Amarela,LÊ E ESCREVE,4
CE,Fortaleza,MASCULINO,Amarela,SUPERIOR COMPLETO,27
CE,Fortaleza,MASCULINO,Amarela,SUPERIOR INCOMPLETO,16
CE,Fortaleza,MASCULINO,Branca,ANALFABETO,194
CE,Fortaleza,MASCULINO,Branca,ENSINO FUNDAMENTAL COMPLETO,485
CE,Fortaleza,MASCULINO,Branca,ENSINO FUNDAMENTAL INCOMPLETO,1348
CE,Fortaleza,MASCULINO,Branca,ENSINO MÉDIO COMPLETO,5478
CE,Fortaleza,MASCULINO,Branca,ENSINO MÉDIO INCOMPLETO,4569
CE,Fortaleza,MASCULINO,Branca,LÊ E ESCREVE,230
CE,Fortaleza,MASCULINO,Branca,SUPERIOR COMPLETO,2047
CE,Fortaleza,MASCULINO,Branca,SUPERIOR INCOMPLETO,2217
CE,Fortaleza,MASCULINO,Indígena,ANALFABETO,3
CE,Fortaleza,MASCULINO,Indígena,ENSINO FUNDAMENTAL COMPLETO,6
CE,Fortaleza,MASCULINO,Indígena,ENSINO FUNDAMENTAL INCOMPLETO,14
CE,Fortaleza,MASCULINO,Indígena,ENSINO MÉDIO COMPLETO,41
CE,Fortaleza,MASCULINO,Indígena,ENSINO MÉDIO INCOMPLETO,26
CE,Fortaleza,MASCULINO,Indígena,LÊ E ESCREVE,3
CE,Fortaleza,MASCULINO,Indígena,SUPERIOR COMPLETO,4
CE,Fortaleza,MASCULINO,Indígena,SUPERIOR INCOMPLETO,8
CE,Fortaleza,MASCULINO,NÃO INFORMADO,ANALFABETO,9308
CE,Fortaleza,MASCULINO,NÃO INFORMADO,ENSINO FUNDAMENTAL COMPLETO,48202
CE,Fortaleza,MASCULINO,NÃO INFORMADO,ENSINO FUNDAMENTAL INCOMPLETO,129166
CE,Fortaleza,MASCULINO,NÃO INFORMADO,ENSINO MÉDIO COMPLETO,234195
CE,Fortaleza,MASCULINO,NÃO INFORMADO,ENSINO MÉDIO INCOMPLETO,118336
CE,Fortaleza,MASCULINO,NÃO INFORMADO,LÊ E ESCREVE,31544
CE,Fortaleza,MASCULINO,NÃO INFORMADO,NÃO INFORMADO,58
CE,Fortaleza,MASCULINO,NÃO INFORMADO,SUPERIOR COMPLETO,108160
CE,Fortaleza,MASCULINO,NÃO INFORMADO,SUPERIOR INCOMPLETO,59527
CE,Fortaleza,MASCULINO,Parda,ANALFABETO,889
CE,Fortaleza,MASCULINO,Parda,ENSINO FUNDAMENTAL COMPLETO,1842
CE,Fortaleza,MASCULINO,Parda,ENSINO FUNDAMENTAL INCOMPLETO,5716
CE,Fortaleza,MASCULINO,Parda,ENSINO MÉDIO COMPLETO,11857
CE,Fortaleza,MASCULINO,Parda,ENSINO MÉDIO INCOMPLETO,10194
CE,Fortaleza,MASCULINO,Parda,LÊ E ESCREVE,1088
CE,Fortaleza,MASCULINO,Parda,SUPERIOR COMPLETO,2185
CE,Fortaleza,MASCULINO,Parda,SUPERIOR INCOMPLETO,2271
CE,Fortaleza,MASCULINO,Preta,ANALFABETO,187
CE,Fortaleza,MASCULINO,Preta,ENSINO FUNDAMENTAL COMPLETO,271
CE,Fortaleza,MASCULINO,Preta,ENSINO FUNDAMENTAL INCOMPLETO,970
CE,Fortaleza,MASCULINO,Preta,ENSINO MÉDIO COMPLETO,1951
CE,Fortaleza,MASCULINO,Preta,ENSINO MÉDIO INCOMPLETO,1792
CE,Fortaleza,MASCULINO,Preta,LÊ E ESCREVE,177
CE,Fortaleza,MASCULINO,Preta,SUPERIOR COMPLETO,262
CE,Fortaleza,MASCULINO,Preta,SUPERIOR INCOMPLETO,360
CE,Fortaleza,NÃO INFORMADO,NÃO INFORMADO,ANALFABETO,6
CE,Fortaleza,NÃO INFORMADO,NÃO INFORMADO,ENSINO FUNDAMENTAL COMPLETO,10
CE,Fortaleza,NÃO INFORMADO,NÃO INFORMADO,ENSINO FUNDAMENTAL INCOMPLETO,19
CE,Fortaleza,NÃO INFORMADO,NÃO INFORMADO,ENSINO MÉDIO COMPLETO,20
CE,Fortaleza,NÃO INFORMADO,NÃO INFORMADO,ENSINO MÉDIO INCOMPLETO,6
CE,Fortaleza,NÃO INFORMADO,NÃO INFORMADO,LÊ E ESCREVE,33
CE,Fortaleza,NÃO INFORMADO,NÃO INFORMADO,NÃO INFORMADO,2
CE,Fortaleza,NÃO INFORMADO,NÃO INFORMADO,SUPERIOR COMPLETO,3
CE,Fortaleza,NÃO INFORMADO,NÃO INFORMADO,SUPERIOR INCOMPLETO,2
MA,São Luís,FEMININO,Amarela,ENSINO FUNDAMENTAL COMPLETO,9
MA,São Luís,FEMININO,Amarela,ENSINO FUNDAMENTAL INCOMPLETO,33
MA,São Luís,FEMININO,Amarela,ENSINO MÉDIO COMPLETO,116
MA,São Luís,FEMININO,Amarela,ENSINO MÉDIO INCOMPLETO,75
MA,São Luís,FEMININO,Amarela,LÊ E ESCREVE,3
MA,São Luís,FEMININO,Amarela,SUPERIOR COMPLETO,65
MA,São Luís,FEMININO,Amarela,SUPERIOR INCOMPLETO,25
MA,São Luís,FEMININO,Branca,ANALFABETO,45
MA,São Luís,FEMININO,Branca,ENSINO FUNDAMENTAL COMPLETO,324
MA,São Luís,FEMININO,Branca,ENSINO FUNDAMENTAL INCOMPLETO,628
MA,São Luís,FEMININO,Branca,ENSINO MÉDIO COMPLETO,3181
MA,São Luís,FEMININO,Branca,ENSINO MÉDIO INCOMPLETO,1767
MA,São Luís,FEMININO,Branca,LÊ E ESCREVE,106
MA,São Luís,FEMININO,Branca,SUPERIOR COMPLETO,1828
MA,São Luís,FEMININO,Branca,SUPERIOR INCOMPLETO,738
MA,São Luís,FEMININO,Indígena,ANALFABETO,1
MA,São Luís,FEMININO,Indígena,ENSINO FUNDAMENTAL COMPLETO,2
MA,São Luís,FEMININO,Indígena,ENSINO FUNDAMENTAL INCOMPLETO,7
MA,São Luís,FEMININO,Indígena,ENSINO MÉDIO COMPLETO,14
MA,São Luís,FEMININO,Indígena,ENSINO MÉDIO INCOMPLETO,9
MA,São Luís,FEMININO,Indígena,LÊ E ESCREVE,2
MA,São Luís,FEMININO,Indígena,SUPERIOR COMPLETO,1
MA,São Luís,FEMININO,Indígena,SUPERIOR INCOMPLETO,1
MA,São Luís,FEMININO,NÃO INFORMADO,ANALFABETO,3988
MA,São Luís,FEMININO,NÃO INFORMADO,ENSINO FUNDAMENTAL COMPLETO,20783
MA,São Luís,FEMININO,NÃO INFORMADO,ENSINO FUNDAMENTAL INCOMPLETO,41574
MA,São Luís,FEMININO,NÃO INFORMADO,ENSINO MÉDIO COMPLETO,156928
MA,São Luís,FEMININO,NÃO INFORMADO,ENSINO MÉDIO INCOMPLETO,51068
MA,São Luís,FEMININO,NÃO INFORMADO,LÊ E ESCREVE,8989
MA,São Luís,FEMININO,NÃO INFORMADO,NÃO INFORMADO,1
MA,São Luís,FEMININO,NÃO INFORMADO,SUPERIOR COMPLETO,54476
MA,São Luís,FEMININO,NÃO INFORMADO,SUPERIOR INCOMPLETO,25527
MA,São Luís,FEMININO,Parda,ANALFABETO,234
MA,São Luís,FEMININO,Parda,ENSINO FUNDAMENTAL COMPLETO,1692
MA,São Luís,FEMININO,Parda,ENSINO FUNDAMENTAL INCOMPLETO,3723
MA,São Luís,FEMININO,Parda,ENSINO MÉDIO COMPLETO,11109
MA,São Luís,FEMININO,Parda,ENSINO MÉDIO INCOMPLETO,6318
MA,São Luís,FEMININO,Parda,LÊ E ESCREVE,574
MA,São Luís,FEMININO,Parda,SUPERIOR COMPLETO,2725
MA,São Luís,FEMININO,Parda,SUPERIOR INCOMPLETO,1246
MA,São Luís,FEMININO,Preta,ANALFABETO,63
MA,São Luís,FEMININO,Preta,ENSINO FUNDAMENTAL COMPLETO,353
MA,São Luís,FEMININO,Preta,ENSINO FUNDAMENTAL INCOMPLETO,813
MA,São Luís,FEMININO,Preta,ENSINO MÉDIO COMPLETO,2136
MA,São Luís,FEMININO,Preta,ENSINO MÉDIO INCOMPLETO,1337
MA,São Luís,FEMININO,Preta,LÊ E ESCREVE,150
MA,São Luís,FEMININO,Preta,SUPERIOR COMPLETO,460
MA,São Luís,FEMININO,Preta,SUPERIOR INCOMPLETO,266
MA,São Luís,MASCULINO,Amarela,ANALFABETO,5
MA,São Luís,MASCULINO,Amarela,ENSINO FUNDAMENTAL COMPLETO,5
MA,São Luís,MASCULINO,Amarela,ENSINO FUNDAMENTAL INCOMPLETO,24
MA,São Luís,MASCULINO,Amarela,ENSINO MÉDIO COMPLETO,53
MA,São Luís,MASCULINO,Amarela,ENSINO MÉDIO INCOMPLETO,38
MA,São Luís,MASCULINO,Amarela,LÊ E ESCREVE,4
MA,São Luís,MASCULINO,Amarela,SUPERIOR COMPLETO,14
MA,São Luís,MASCULINO,Amarela,SUPERIOR INCOMPLETO,4
MA,São Luís,MASCULINO,Branca,ANALFABETO,43
MA,São Luís,MASCULINO,Branca,ENSINO FUNDAMENTAL COMPLETO,210
MA,São Luís,MASCULINO,Branca,ENSINO FUNDAMENTAL INCOMPLETO,448
MA,São Luís,MASCULINO,Branca,ENSINO MÉDIO COMPLETO,2118
MA,São Luís,MASCULINO,Branca,ENSINO MÉDIO INCOMPLETO,1467
MA,São Luís,MASCULINO,Branca,LÊ E ESCREVE,67
MA,São Luís,MASCULINO,Branca,SUPERIOR COMPLETO,696
MA,São Luís,MASCULINO,Branca,SUPERIOR INCOMPLETO,455
MA,São Luís,MASCULINO,Indígena,ENSINO FUNDAMENTAL COMPLETO,1
MA,São Luís,MASCULINO,Indígena,ENSINO FUNDAMENTAL INCOMPLETO,3
MA,São Luís,MASCULINO,Indígena,ENSINO MÉDIO COMPLETO,15
MA,São Luís,MASCULINO,Indígena,ENSINO MÉDIO INCOMPLETO,9
MA,São Luís,MASCULINO,Indígena,LÊ E ESCREVE,1
MA,São Luís,MASCULINO,Indígena,SUPERIOR COMPLETO,2
MA,São Luís,MASCULINO,Indígena,SUPERIOR INCOMPLETO,2
MA,São Luís,MASCULINO,NÃO INFORMADO,ANALFABETO,3549
MA,São Luís,MASCULINO,NÃO INFORMADO,ENSINO FUNDAMENTAL COMPLETO,20270
MA,São Luís,MASCULINO,NÃO INFORMADO,ENSINO FUNDAMENTAL INCOMPLETO,38737
MA,São Luís,MASCULINO,NÃO INFORMADO,ENSINO MÉDIO COMPLETO,132391
MA,São Luís,MASCULINO,NÃO INFORMADO,ENSINO MÉDIO INCOMPLETO,51456
MA,São Luís,MASCULINO,NÃO INFORMADO,LÊ E ESCREVE,8018
MA,São Luís,MASCULINO,NÃO INFORMADO,SUPERIOR COMPLETO,34417
MA,São Luís,MASCULINO,NÃO INFORMADO,SUPERIOR INCOMPLETO,21395
MA,São Luís,MASCULINO,Parda,ANALFABETO,330
MA,São Luís,MASCULINO,Parda,ENSINO FUNDAMENTAL COMPLETO,1239
MA,São Luís,MASCULINO,Parda,ENSINO FUNDAMENTAL INCOMPLETO,3129
MA,São Luís,MASCULINO,Parda,ENSINO MÉDIO COMPLETO,7260
MA,São Luís,MASCULINO,Parda,ENSINO MÉDIO INCOMPLETO,6010
MA,São Luís,MASCULINO,Parda,LÊ E ESCREVE,548
MA,São Luís,MASCULINO,Parda,SUPERIOR COMPLETO,988
MA,São Luís,MASCULINO,Parda,SUPERIOR INCOMPLETO,754
MA,São Luís,MASCULINO,Preta,ANALFABETO,116
MA,São Luís,MASCULINO,Preta,ENSINO FUNDAMENTAL COMPLETO,334
MA,São Luís,MASCULINO,Preta,ENSINO FUNDAMENTAL INCOMPLETO,941
MA,São Luís,MASCULINO,Preta,ENSINO MÉDIO COMPLETO,1700
MA,São Luís,MASCULINO,Preta,ENSINO MÉDIO INCOMPLETO,1517
MA,São Luís,MASCULINO,Preta,LÊ E ESCREVE,165
MA,São Luís,MASCULINO,Preta,SUPERIOR COMPLETO,192
MA,São Luís,MASCULINO,Preta,SUPERIOR INCOMPLETO,175
PB,João Pessoa,FEMININO,Amarela,ANALFABETO,1
PB,João Pessoa,FEMININO,Amarela,ENSINO FUNDAMENTAL COMPLETO,9
PB,João Pessoa,FEMININO,Amarela,ENSINO FUNDAMENTAL INCOMPLETO,21
PB,João Pessoa,FEMININO,Amarela,ENSINO MÉDIO COMPLETO,70
PB,João Pessoa,FEMININO,Amarela,ENSINO MÉDIO INCOMPLETO,38
PB,João Pessoa,FEMININO,Amarela,LÊ E ESCREVE,4
PB,João Pessoa,FEMININO,Amarela,SUPERIOR COMPLETO,57
PB,João Pessoa,FEMININO,Amarela,SUPERIOR INCOMPLETO,25
PB,João Pessoa,FEMININO,Branca,ANALFABETO,71
PB,João Pessoa,FEMININO,Branca,ENSINO FUNDAMENTAL COMPLETO,259
PB,João Pessoa,FEMININO,Branca,ENSINO FUNDAMENTAL INCOMPLETO,752
PB,João Pessoa,FEMININO,Branca,ENSINO MÉDIO COMPLETO,2937
PB,João Pessoa,FEMININO,Branca,ENSINO MÉDIO INCOMPLETO,1715
PB,João Pessoa,FEMININO,Branca,LÊ E ESCREVE,107
PB,João Pessoa,FEMININO,Branca,SUPERIOR COMPLETO,2275
PB,João Pessoa,FEMININO,Branca,SUPERIOR INCOMPLETO,1221
PB,João Pessoa,FEMININO,Indígena,ANALFABETO,1
PB,João Pessoa,FEMININO,Indígena,ENSINO FUNDAMENTAL COMPLETO,3
PB,João Pessoa,FEMININO,Indígena,ENSINO FUNDAMENTAL INCOMPLETO,2
PB,João Pessoa,FEMININO,Indígena,ENSINO MÉDIO COMPLETO,27
PB,João Pessoa,FEMININO,Indígena,ENSINO MÉDIO INCOMPLETO,16
PB,João Pessoa,FEMININO,Indígena,SUPERIOR COMPLETO,8
PB,João Pessoa,FEMININO,Indígena,SUPERIOR INCOMPLETO,9
PB,João Pessoa,FEMININO,NÃO INFORMADO,ANALFABETO,5021
PB,João Pessoa,FEMININO,NÃO INFORMADO,ENSINO FUNDAMENTAL COMPLETO,13598
PB,João Pessoa,FEMININO,NÃO INFORMADO,ENSINO FUNDAMENTAL INCOMPLETO,45531
PB,João Pessoa,FEMININO,NÃO INFORMADO,ENSINO MÉDIO COMPLETO,88475
PB,João Pessoa,FEMININO,NÃO INFORMADO,ENSINO MÉDIO INCOMPLETO,36513
PB,João Pessoa,FEMININO,NÃO INFORMADO,LÊ E ESCREVE,11384
PB,João Pessoa,FEMININO,NÃO INFORMADO,SUPERIOR COMPLETO,59184
PB,João Pessoa,FEMININO,NÃO INFORMADO,SUPERIOR INCOMPLETO,27395
PB,João Pessoa,FEMININO,Parda,ANALFABETO,251
PB,João Pessoa,FEMININO,Parda,ENSINO FUNDAMENTAL COMPLETO,593
PB,João Pessoa,FEMININO,Parda,ENSINO FUNDAMENTAL INCOMPLETO,2131
PB,João Pessoa,FEMININO,Parda,ENSINO MÉDIO COMPLETO,4711
PB,João Pessoa,FEMININO,Parda,ENSINO MÉDIO INCOMPLETO,2945
PB,João Pessoa,FEMININO,Parda,LÊ E ESCREVE,332
PB,João Pessoa,FEMININO,Parda,SUPERIOR COMPLETO,1938
PB,João Pessoa,FEMININO,Parda,SUPERIOR INCOMPLETO,1169
PB,João Pessoa,FEMININO,Preta,ANALFABETO,39
PB,João Pessoa,FEMININO,Preta,ENSINO FUNDAMENTAL COMPLETO,112
PB,João Pessoa,FEMININO,Preta,ENSINO FUNDAMENTAL INCOMPLETO,381
PB,João Pessoa,FEMININO,Preta,ENSINO MÉDIO COMPLETO,851
PB,João Pessoa,FEMININO,Preta,ENSINO MÉDIO INCOMPLETO,579
PB,João Pessoa,FEMININO,Preta,LÊ E ESCREVE,65
PB,João Pessoa,FEMININO,Preta,SUPERIOR COMPLETO,261
PB,João Pessoa,FEMININO,Preta,SUPERIOR INCOMPLETO,185
PB,João Pessoa,MASCULINO,Amarela,ANALFABETO,1
PB,João Pessoa,MASCULINO,Amarela,ENSINO FUNDAMENTAL COMPLETO,1
PB,João Pessoa,MASCULINO,Amarela,ENSINO FUNDAMENTAL INCOMPLETO,10
PB,João Pessoa,MASCULINO,Amarela,ENSINO MÉDIO COMPLETO,22
PB,João Pessoa,MASCULINO,Amarela,ENSINO MÉDIO INCOMPLETO,7
PB,João Pessoa,MASCULINO,Amarela,LÊ E ESCREVE,3
PB,João Pessoa,MASCULINO,Amarela,SUPERIOR COMPLETO,17
PB,João Pessoa,MASCULINO,Amarela,SUPERIOR INCOMPLETO,10
PB,João Pessoa,MASCULINO,Branca,ANALFABETO,85
PB,João Pessoa,MASCULINO,Branca,ENSINO FUNDAMENTAL COMPLETO,281
PB,João Pessoa,MASCULINO,Branca,ENSINO FUNDAMENTAL INCOMPLETO,692
PB,João Pessoa,MASCULINO,Branca,ENSINO MÉDIO COMPLETO,2211
PB,João Pessoa,MASCULINO,Branca,ENSINO MÉDIO INCOMPLETO,1614
PB,João Pessoa,MASCULINO,Branca,LÊ E ESCREVE,108
PB,João Pessoa,MASCULINO,Branca,SUPERIOR COMPLETO,1323
PB,João Pessoa,MASCULINO,Branca,SUPERIOR INCOMPLETO,936
PB,João Pessoa,MASCULINO,Indígena,ANALFABETO,2
PB,João Pessoa,MASCULINO,Indígena,ENSINO FUNDAMENTAL COMPLETO,3
PB,João Pessoa,MASCULINO,Indígena,ENSINO FUNDAMENTAL INCOMPLETO,4
PB,João Pessoa,MASCULINO,Indígena,ENSINO MÉDIO COMPLETO,13
PB,João Pessoa,MASCULINO,Indígena,ENSINO MÉDIO INCOMPLETO,14
PB,João Pessoa,MASCULINO,Indígena,SUPERIOR COMPLETO,2
PB,João Pessoa,MASCULINO,Indígena,SUPERIOR INCOMPLETO,4
PB,João Pessoa,MASCULINO,NÃO INFORMADO,ANALFABETO,3669
PB,João Pessoa,MASCULINO,NÃO INFORMADO,ENSINO FUNDAMENTAL COMPLETO,11910
PB,João Pessoa,MASCULINO,NÃO INFORMADO,ENSINO FUNDAMENTAL INCOMPLETO,39733
PB,João Pessoa,MASCULINO,NÃO INFORMADO,ENSINO MÉDIO COMPLETO,68517
PB,João Pessoa,MASCULINO,NÃO INFORMADO,ENSINO MÉDIO INCOMPLETO,34678
PB,João Pessoa,MASCULINO,NÃO INFORMADO,LÊ E ESCREVE,9458
PB,João Pessoa,MASCULINO,NÃO INFORMADO,SUPERIOR COMPLETO,38588
PB,João Pessoa,MASCULINO,NÃO INFORMADO,SUPERIOR INCOMPLETO,25036
PB,João Pessoa,MASCULINO,Parda,ANALFABETO,307
PB,João Pessoa,MASCULINO,Parda,ENSINO FUNDAMENTAL COMPLETO,548
PB,João Pessoa,MASCULINO,Parda,ENSINO FUNDAMENTAL INCOMPLETO,2026
PB,João Pessoa,MASCULINO,Parda,ENSINO MÉDIO COMPLETO,3340
PB,João Pessoa,MASCULINO,Parda,ENSINO MÉDIO INCOMPLETO,3039
PB,João Pessoa,MASCULINO,Parda,LÊ E ESCREVE,325
PB,João Pessoa,MASCULINO,Parda,SUPERIOR COMPLETO,1037
PB,João Pessoa,MASCULINO,Parda,SUPERIOR INCOMPLETO,909
PB,João Pessoa,MASCULINO,Preta,ANALFABETO,50
PB,João Pessoa,MASCULINO,Preta,ENSINO FUNDAMENTAL COMPLETO,106
PB,João Pessoa,MASCULINO,Preta,ENSINO FUNDAMENTAL INCOMPLETO,430
PB,João Pessoa,MASCULINO,Preta,ENSINO MÉDIO COMPLETO,742
PB,João Pessoa,MASCULINO,Preta,ENSINO MÉDIO INCOMPLETO,800
PB,João Pessoa,MASCULINO,Preta,LÊ E ESCREVE,78
PB,João Pessoa,MASCULINO,Preta,SUPERIOR COMPLETO,171
PB,João Pessoa,MASCULINO,Preta,SUPERIOR INCOMPLETO,158
PE,Recife,FEMININO,Amarela,ANALFABETO,1
PE,Recife,FEMININO,Amarela,ENSINO FUNDAMENTAL COMPLETO,10
PE,Recife,FEMININO,Amarela,ENSINO FUNDAMENTAL INCOMPLETO,17
PE,Recife,FEMININO,Amarela,ENSINO MÉDIO COMPLETO,93
PE,Recife,FEMININO,Amarela,ENSINO MÉDIO INCOMPLETO,54
PE,Recife,FEMININO,Amarela,LÊ E ESCREVE,4
PE,Recife,FEMININO,Amarela,SUPERIOR COMPLETO,82
PE,Recife,FEMININO,Amarela,SUPERIOR INCOMPLETO,38
PE,Recife,FEMININO,Branca,ANALFABETO,99
PE,Recife,FEMININO,Branca,ENSINO FUNDAMENTAL COMPLETO,317
PE,Recife,FEMININO,Branca,ENSINO FUNDAMENTAL INCOMPLETO,769
PE,Recife,FEMININO,Branca,ENSINO MÉDIO COMPLETO,3764
PE,Recife,FEMININO,Branca,ENSINO MÉDIO INCOMPLETO,2309
PE,Recife,FEMININO,Branca,LÊ E ESCREVE,100
PE,Recife,FEMININO,Branca,SUPERIOR COMPLETO,3889
PE,Recife,FEMININO,Branca,SUPERIOR INCOMPLETO,1834
PE,Recife,FEMININO,Indígena,ANALFABETO,1
PE,Recife,FEMININO,Indígena,ENSINO FUNDAMENTAL COMPLETO,1
PE,Recife,FEMININO,Indígena,ENSINO FUNDAMENTAL INCOMPLETO,8
PE,Recife,FEMININO,Indígena,ENSINO MÉDIO COMPLETO,19
PE,Recife,FEMININO,Indígena,ENSINO MÉDIO INCOMPLETO,21
PE,Recife,FEMININO,Indígena,LÊ E ESCREVE,1
PE,Recife,FEMININO,Indígena,SUPERIOR COMPLETO,14
PE,Recife,FEMININO,Indígena,SUPERIOR INCOMPLETO,10
PE,Recife,FEMININO,NÃO INFORMADO,ANALFABETO,10503
PE,Recife,FEMININO,NÃO INFORMADO,ENSINO FUNDAMENTAL COMPLETO,29352
PE,Recife,FEMININO,NÃO INFORMADO,ENSINO FUNDAMENTAL INCOMPLETO,110145
PE,Recife,FEMININO,NÃO INFORMADO,ENSINO MÉDIO COMPLETO,206849
PE,Recife,FEMININO,NÃO INFORMADO,ENSINO MÉDIO INCOMPLETO,84046
PE,Recife,FEMININO,NÃO INFORMADO,LÊ E ESCREVE,21632
PE,Recife,FEMININO,NÃO INFORMADO,NÃO INFORMADO,1
PE,Recife,FEMININO,NÃO INFORMADO,SUPERIOR COMPLETO,125161
PE,Recife,FEMININO,NÃO INFORMADO,SUPERIOR INCOMPLETO,49707
PE,Recife,FEMININO,Parda,ANALFABETO,333
PE,Recife,FEMININO,Parda,ENSINO FUNDAMENTAL COMPLETO,694
PE,Recife,FEMININO,Parda,ENSINO FUNDAMENTAL INCOMPLETO,2538
PE,Recife,FEMININO,Parda,ENSINO MÉDIO COMPLETO,6368
PE,Recife,FEMININO,Parda,ENSINO MÉDIO INCOMPLETO,4064
PE,Recife,FEMININO,Parda,LÊ E ESCREVE,330
PE,Recife,FEMININO,Parda,SUPERIOR COMPLETO,2450
PE,Recife,FEMININO,Parda,SUPERIOR INCOMPLETO,1534
PE,Recife,FEMININO,Preta,ANALFABETO,100
PE,Recife,FEMININO,Preta,ENSINO FUNDAMENTAL COMPLETO,191
PE,Recife,FEMININO,Preta,ENSINO FUNDAMENTAL INCOMPLETO,687
PE,Recife,FEMININO,Preta,ENSINO MÉDIO COMPLETO,1807
PE,Recife,FEMININO,Preta,ENSINO MÉDIO INCOMPLETO,1152
PE,Recife,FEMININO,Preta,LÊ E ESCREVE,86
PE,Recife,FEMININO,Preta,SUPERIOR COMPLETO,487
PE,Recife,FEMININO,Preta,SUPERIOR INCOMPLETO,423
PE,Recife,MASCULINO,Amarela,ANALFABETO,3
PE,Recife,MASCULINO,Amarela,ENSINO FUNDAMENTAL COMPLETO,3
PE,Recife,MASCULINO,Amarela,ENSINO FUNDAMENTAL INCOMPLETO,17
PE,Recife,MASCULINO,Amarela,ENSINO MÉDIO COMPLETO,55
PE,Recife,MASCULINO,Amarela,ENSINO MÉDIO INCOMPLETO,36
PE,Recife,MASCULINO,Amarela,LÊ E ESCREVE,1
PE,Recife,MASCULINO,Amarela,SUPERIOR COMPLETO,24
PE,Recife,MASCULINO,Amarela,SUPERIOR INCOMPLETO,20
PE,Recife,MASCULINO,Branca,ANALFABETO,128
PE,Recife,MASCULINO,Branca,ENSINO FUNDAMENTAL COMPLETO,274
PE,Recife,MASCULINO,Branca,ENSINO FUNDAMENTAL INCOMPLETO,770
PE,Recife,MASCULINO,Branca,ENSINO MÉDIO COMPLETO,2891
PE,Recife,MASCULINO,Branca,ENSINO MÉDIO INCOMPLETO,2226
PE,Recife,MASCULINO,Branca,LÊ E ESCREVE,114
PE,Recife,MASCULINO,Branca,SUPERIOR COMPLETO,2012
PE,Recife,MASCULINO,Branca,SUPERIOR INCOMPLETO,1468
PE,Recife,MASCULINO,Indígena,ANALFABETO,1
PE,Recife,MASCULINO,Indígena,ENSINO FUNDAMENTAL INCOMPLETO,7
PE,Recife,MASCULINO,Indígena,ENSINO MÉDIO COMPLETO,27
PE,Recife,MASCULINO,Indígena,ENSINO MÉDIO INCOMPLETO,18
PE,Recife,MASCULINO,Indígena,LÊ E ESCREVE,4
PE,Recife,MASCULINO,Indígena,SUPERIOR COMPLETO,5
PE,Recife,MASCULINO,Indígena,SUPERIOR INCOMPLETO,7
PE,Recife,MASCULINO,NÃO INFORMADO,ANALFABETO,5493
PE,Recife,MASCULINO,NÃO INFORMADO,ENSINO FUNDAMENTAL COMPLETO,27083
PE,Recife,MASCULINO,NÃO INFORMADO,ENSINO FUNDAMENTAL INCOMPLETO,89828
PE,Recife,MASCULINO,NÃO INFORMADO,ENSINO MÉDIO COMPLETO,162774
PE,Recife,MASCULINO,NÃO INFORMADO,ENSINO MÉDIO INCOMPLETO,82674
PE,Recife,MASCULINO,NÃO INFORMADO,LÊ E ESCREVE,14207
PE,Recife,MASCULINO,NÃO INFORMADO,NÃO INFORMADO,2
PE,Recife,MASCULINO,NÃO INFORMADO,SUPERIOR COMPLETO,84985
PE,Recife,MASCULINO,NÃO INFORMADO,SUPERIOR INCOMPLETO,46661
PE,Recife,MASCULINO,Parda,ANALFABETO,443
PE,Recife,MASCULINO,Parda,ENSINO FUNDAMENTAL COMPLETO,740
PE,Recife,MASCULINO,Parda,ENSINO FUNDAMENTAL INCOMPLETO,2925
PE,Recife,MASCULINO,Parda,ENSINO MÉDIO COMPLETO,5327
PE,Recife,MASCULINO,Parda,ENSINO MÉDIO INCOMPLETO,4455
PE,Recife,MASCULINO,Parda,LÊ E ESCREVE,365
PE,Recife,MASCULINO,Parda,SUPERIOR COMPLETO,1456
PE,Recife,MASCULINO,Parda,SUPERIOR INCOMPLETO,1140
PE,Recife,MASCULINO,Preta,ANALFABETO,173
PE,Recife,MASCULINO,Preta,ENSINO FUNDAMENTAL COMPLETO,238
PE,Recife,MASCULINO,Preta,ENSINO FUNDAMENTAL INCOMPLETO,879
PE,Recife,MASCULINO,Preta,ENSINO MÉDIO COMPLETO,1703
PE,Recife,MASCULINO,Preta,ENSINO MÉDIO INCOMPLETO,1465
PE,Recife,MASCULINO,Preta,LÊ E ESCREVE,132
PE,Recife,MASCULINO,Preta,SUPERIOR COMPLETO,298
PE,Recife,MASCULINO,Preta,SUPERIOR INCOMPLETO,265
PI,Teresina,FEMININO,Amarela,ANALFABETO,1
PI,Teresina,FEMININO,Amarela,ENSINO FUNDAMENTAL COMPLETO,18
PI,Teresina,FEMININO,Amarela,ENSINO FUNDAMENTAL INCOMPLETO,32
PI,Teresina,FEMININO,Amarela,ENSINO MÉDIO COMPLETO,132
PI,Teresina,FEMININO,Amarela,ENSINO MÉDIO INCOMPLETO,93
PI,Teresina,FEMININO,Amarela,LÊ E ESCREVE,5
PI,Teresina,FEMININO,Amarela,SUPERIOR COMPLETO,67
PI,Teresina,FEMININO,Amarela,SUPERIOR INCOMPLETO,31
PI,Teresina,FEMININO,Branca,ANALFABETO,32
PI,Teresina,FEMININO,Branca,ENSINO FUNDAMENTAL COMPLETO,99
PI,Teresina,FEMININO,Branca,ENSINO FUNDAMENTAL INCOMPLETO,245
PI,Teresina,FEMININO,Branca,ENSINO MÉDIO COMPLETO,1349
PI,Teresina,FEMININO,Branca,ENSINO MÉDIO INCOMPLETO,974
PI,Teresina,FEMININO,Branca,LÊ E ESCREVE,43
PI,Teresina,FEMININO,Branca,SUPERIOR COMPLETO,911
PI,Teresina,FEMININO,Branca,SUPERIOR INCOMPLETO,454
PI,Teresina,FEMININO,Indígena,ANALFABETO,1
PI,Teresina,FEMININO,Indígena,ENSINO FUNDAMENTAL INCOMPLETO,3
PI,Teresina,FEMININO,Indígena,ENSINO MÉDIO COMPLETO,5
PI,Teresina,FEMININO,Indígena,ENSINO MÉDIO INCOMPLETO,4
PI,Teresina,FEMININO,Indígena,SUPERIOR COMPLETO,1
PI,Teresina,FEMININO,Indígena,SUPERIOR INCOMPLETO,1
PI,Teresina,FEMININO,NÃO INFORMADO,ANALFABETO,6816
PI,Teresina,FEMININO,NÃO INFORMADO,ENSINO FUNDAMENTAL COMPLETO,16170
PI,Teresina,FEMININO,NÃO INFORMADO,ENSINO FUNDAMENTAL INCOMPLETO,46624
PI,Teresina,FEMININO,NÃO INFORMADO,ENSINO MÉDIO COMPLETO,101237
PI,Teresina,FEMININO,NÃO INFORMADO,ENSINO MÉDIO INCOMPLETO,47677
PI,Teresina,FEMININO,NÃO INFORMADO,LÊ E ESCREVE,14274
PI,Teresina,FEMININO,NÃO INFORMADO,SUPERIOR COMPLETO,43972
PI,Teresina,FEMININO,NÃO INFORMADO,SUPERIOR INCOMPLETO,23450
PI,Teresina,FEMININO,Parda,ANALFABETO,166
PI,Teresina,FEMININO,Parda,ENSINO FUNDAMENTAL COMPLETO,507
PI,Teresina,FEMININO,Parda,ENSINO FUNDAMENTAL INCOMPLETO,1647
PI,Teresina,FEMININO,Parda,ENSINO MÉDIO COMPLETO,4841
PI,Teresina,FEMININO,Parda,ENSINO MÉDIO INCOMPLETO,3125
PI,Teresina,FEMININO,Parda,LÊ E ESCREVE,286
PI,Teresina,FEMININO,Parda,SUPERIOR COMPLETO,1694
PI,Teresina,FEMININO,Parda,SUPERIOR INCOMPLETO,940
PI,Teresina,FEMININO,Preta,ANALFABETO,51
PI,Teresina,FEMININO,Preta,ENSINO FUNDAMENTAL COMPLETO,118
PI,Teresina,FEMININO,Preta,ENSINO FUNDAMENTAL INCOMPLETO,391
PI,Teresina,FEMININO,Preta,ENSINO MÉDIO COMPLETO,1062
PI,Teresina,FEMININO,Preta,ENSINO MÉDIO INCOMPLETO,843
PI,Teresina,FEMININO,Preta,LÊ E ESCREVE,65
PI,Teresina,FEMININO,Preta,SUPERIOR COMPLETO,287
PI,Teresina,FEMININO,Preta,SUPERIOR INCOMPLETO,194
PI,Teresina,MASCULINO,Amarela,ANALFABETO,5
PI,Teresina,MASCULINO,Amarela,ENSINO FUNDAMENTAL COMPLETO,4
PI,Teresina,MASCULINO,Amarela,ENSINO FUNDAMENTAL INCOMPLETO,27
PI,Teresina,MASCULINO,Amarela,ENSINO MÉDIO COMPLETO,54
PI,Teresina,MASCULINO,Amarela,ENSINO MÉDIO INCOMPLETO,60
PI,Teresina,MASCULINO,Amarela,LÊ E ESCREVE,5
PI,Teresina,MASCULINO,Amarela,SUPERIOR COMPLETO,18
PI,Teresina,MASCULINO,Amarela,SUPERIOR INCOMPLETO,16
PI,Teresina,MASCULINO,Branca,ANALFABETO,36
PI,Teresina,MASCULINO,Branca,ENSINO FUNDAMENTAL COMPLETO,89
PI,Teresina,MASCULINO,Branca,ENSINO FUNDAMENTAL INCOMPLETO,271
PI,Teresina,MASCULINO,Branca,ENSINO MÉDIO COMPLETO,1160
PI,Teresina,MASCULINO,Branca,ENSINO MÉDIO INCOMPLETO,1035
PI,Teresina,MASCULINO,Branca,LÊ E ESCREVE,48
PI,Teresina,MASCULINO,Branca,SUPERIOR COMPLETO,498
PI,Teresina,MASCULINO,Branca,SUPERIOR INCOMPLETO,359
PI,Teresina,MASCULINO,Indígena,ENSINO FUNDAMENTAL COMPLETO,2
PI,Teresina,MASCULINO,Indígena,ENSINO FUNDAMENTAL INCOMPLETO,1
PI,Teresina,MASCULINO,Indígena,ENSINO MÉDIO COMPLETO,2
PI,Teresina,MASCULINO,Indígena,ENSINO MÉDIO INCOMPLETO,5
PI,Teresina,MASCULINO,Indígena,LÊ E ESCREVE,2
PI,Teresina,MASCULINO,Indígena,SUPERIOR COMPLETO,2
PI,Teresina,MASCULINO,Indígena,SUPERIOR INCOMPLETO,2
PI,Teresina,MASCULINO,NÃO INFORMADO,ANALFABETO,4829
PI,Teresina,MASCULINO,NÃO INFORMADO,ENSINO FUNDAMENTAL COMPLETO,16017
PI,Teresina,MASCULINO,NÃO INFORMADO,ENSINO FUNDAMENTAL INCOMPLETO,44476
PI,Teresina,MASCULINO,NÃO INFORMADO,ENSINO MÉDIO COMPLETO,75013
PI,Teresina,MASCULINO,NÃO INFORMADO,ENSINO MÉDIO INCOMPLETO,47364
PI,Teresina,MASCULINO,NÃO INFORMADO,LÊ E ESCREVE,13420
PI,Teresina,MASCULINO,NÃO INFORMADO,SUPERIOR COMPLETO,27780
PI,Teresina,MASCULINO,NÃO INFORMADO,SUPERIOR INCOMPLETO,18962
PI,Teresina,MASCULINO,Parda,ANALFABETO,217
PI,Teresina,MASCULINO,Parda,ENSINO FUNDAMENTAL COMPLETO,515
PI,Teresina,MASCULINO,Parda,ENSINO FUNDAMENTAL INCOMPLETO,1644
PI,Teresina,MASCULINO,Parda,ENSINO MÉDIO COMPLETO,3723
PI,Teresina,MASCULINO,Parda,ENSINO MÉDIO INCOMPLETO,3325
PI,Teresina,MASCULINO,Parda,LÊ E ESCREVE,297
PI,Teresina,MASCULINO,Parda,SUPERIOR COMPLETO,897
PI,Teresina,MASCULINO,Parda,SUPERIOR INCOMPLETO,694
PI,Teresina,MASCULINO,Preta,ANALFABETO,87
PI,Teresina,MASCULINO,Preta,ENSINO FUNDAMENTAL COMPLETO,149
PI,Teresina,MASCULINO,Preta,ENSINO FUNDAMENTAL INCOMPLETO,505
PI,Teresina,MASCULINO,Preta,ENSINO MÉDIO COMPLETO,1095
PI,Teresina,MASCULINO,Preta,ENSINO MÉDIO INCOMPLETO,1028
PI,Teresina,MASCULINO,Preta,LÊ E ESCREVE,106
PI,Teresina,MASCULINO,Preta,SUPERIOR COMPLETO,146
PI,Teresina,MASCULINO,Preta,SUPERIOR INCOMPLETO,170
RN,Natal,FEMININO,Amarela,ANALFABETO,2
RN,Natal,FEMININO,Amarela,ENSINO FUNDAMENTAL COMPLETO,6
RN,Natal,FEMININO,Amarela,ENSINO FUNDAMENTAL INCOMPLETO,11
RN,Natal,FEMININO,Amarela,ENSINO MÉDIO COMPLETO,47
RN,Natal,FEMININO,Amarela,ENSINO MÉDIO INCOMPLETO,28
RN,Natal,FEMININO,Amarela,SUPERIOR COMPLETO,25
RN,Natal,FEMININO,Amarela,SUPERIOR INCOMPLETO,12
RN,Natal,FEMININO,Branca,ANALFABETO,56
RN,Natal,FEMININO,Branca,ENSINO FUNDAMENTAL COMPLETO,235
RN,Natal,FEMININO,Branca,ENSINO FUNDAMENTAL INCOMPLETO,791
RN,Natal,FEMININO,Branca,ENSINO MÉDIO COMPLETO,2425
RN,Natal,FEMININO,Branca,ENSINO MÉDIO INCOMPLETO,1539
RN,Natal,FEMININO,Branca,LÊ E ESCREVE,86
RN,Natal,FEMININO,Branca,SUPERIOR COMPLETO,1968
RN,Natal,FEMININO,Branca,SUPERIOR INCOMPLETO,904
RN,Natal,FEMININO,Indígena,ENSINO FUNDAMENTAL INCOMPLETO,4
RN,Natal,FEMININO,Indígena,ENSINO MÉDIO COMPLETO,5
RN,Natal,FEMININO,Indígena,ENSINO MÉDIO INCOMPLETO,8
RN,Natal,FEMININO,Indígena,SUPERIOR COMPLETO,2
RN,Natal,FEMININO,Indígena,SUPERIOR INCOMPLETO,2
RN,Natal,FEMININO,NÃO INFORMADO,ANALFABETO,5613
RN,Natal,FEMININO,NÃO INFORMADO,ENSINO FUNDAMENTAL COMPLETO,14410
RN,Natal,FEMININO,NÃO INFORMADO,ENSINO FUNDAMENTAL INCOMPLETO,51616
RN,Natal,FEMININO,NÃO INFORMADO,ENSINO MÉDIO COMPLETO,89964
RN,Natal,FEMININO,NÃO INFORMADO,ENSINO MÉDIO INCOMPLETO,42637
RN,Natal,FEMININO,NÃO INFORMADO,LÊ E ESCREVE,11715
RN,Natal,FEMININO,NÃO INFORMADO,NÃO INFORMADO,2
RN,Natal,FEMININO,NÃO INFORMADO,SUPERIOR COMPLETO,54923
RN,Natal,FEMININO,NÃO INFORMADO,SUPERIOR INCOMPLETO,25063
RN,Natal,FEMININO,Parda,ANALFABETO,165
RN,Natal,FEMININO,Parda,ENSINO FUNDAMENTAL COMPLETO,592
RN,Natal,FEMININO,Parda,ENSINO FUNDAMENTAL INCOMPLETO,2008
RN,Natal,FEMININO,Parda,ENSINO MÉDIO COMPLETO,3070
RN,Natal,FEMININO,Parda,ENSINO MÉDIO INCOMPLETO,2470
RN,Natal,FEMININO,Parda,LÊ E ESCREVE,271
RN,Natal,FEMININO,Parda,SUPERIOR COMPLETO,1330
RN,Natal,FEMININO,Parda,SUPERIOR INCOMPLETO,662
RN,Natal,FEMININO,Preta,ANALFABETO,23
RN,Natal,FEMININO,Preta,ENSINO FUNDAMENTAL COMPLETO,86
RN,Natal,FEMININO,Preta,ENSINO FUNDAMENTAL INCOMPLETO,319
RN,Natal,FEMININO,Preta,ENSINO MÉDIO COMPLETO,481
RN,Natal,FEMININO,Preta,ENSINO MÉDIO INCOMPLETO,424
RN,Natal,FEMININO,Preta,LÊ E ESCREVE,52
RN,Natal,FEMININO,Preta,SUPERIOR COMPLETO,165
RN,Natal,FEMININO,Preta,SUPERIOR INCOMPLETO,105
RN,Natal,MASCULINO,Amarela,ANALFABETO,1
RN,Natal,MASCULINO,Amarela,ENSINO FUNDAMENTAL COMPLETO,4
RN,Natal,MASCULINO,Amarela,ENSINO FUNDAMENTAL INCOMPLETO,12
RN,Natal,MASCULINO,Amarela,ENSINO MÉDIO COMPLETO,23
RN,Natal,MASCULINO,Amarela,ENSINO MÉDIO INCOMPLETO,22
RN,Natal,MASCULINO,Amarela,LÊ E ESCREVE,1
RN,Natal,MASCULINO,Amarela,SUPERIOR COMPLETO,11
RN,Natal,MASCULINO,Amarela,SUPERIOR INCOMPLETO,6
RN,Natal,MASCULINO,Branca,ANALFABETO,87
RN,Natal,MASCULINO,Branca,ENSINO FUNDAMENTAL COMPLETO,219
RN,Natal,MASCULINO,Branca,ENSINO FUNDAMENTAL INCOMPLETO,772
RN,Natal,MASCULINO,Branca,ENSINO MÉDIO COMPLETO,1848
RN,Natal,MASCULINO,Branca,ENSINO MÉDIO INCOMPLETO,1554
RN,Natal,MASCULINO,Branca,LÊ E ESCREVE,81
RN,Natal,MASCULINO,Branca,SUPERIOR COMPLETO,1067
RN,Natal,MASCULINO,Branca,SUPERIOR INCOMPLETO,695
RN,Natal,MASCULINO,Indígena,ENSINO FUNDAMENTAL INCOMPLETO,3
RN,Natal,MASCULINO,Indígena,ENSINO MÉDIO COMPLETO,8
RN,Natal,MASCULINO,Indígena,ENSINO MÉDIO INCOMPLETO,9
RN,Natal,MASCULINO,Indígena,LÊ E ESCREVE,1
RN,Natal,MASCULINO,Indígena,SUPERIOR COMPLETO,7
RN,Natal,MASCULINO,Indígena,SUPERIOR INCOMPLETO,3
RN,Natal,MASCULINO,NÃO INFORMADO,ANALFABETO,4010
RN,Natal,MASCULINO,NÃO INFORMADO,ENSINO FUNDAMENTAL COMPLETO,12878
RN,Natal,MASCULINO,NÃO INFORMADO,ENSINO FUNDAMENTAL INCOMPLETO,42700
RN,Natal,MASCULINO,NÃO INFORMADO,ENSINO MÉDIO COMPLETO,71626
RN,Natal,MASCULINO,NÃO INFORMADO,ENSINO MÉDIO INCOMPLETO,40531
RN,Natal,MASCULINO,NÃO INFORMADO,LÊ E ESCREVE,9038
RN,Natal,MASCULINO,NÃO INFORMADO,NÃO INFORMADO,1
RN,Natal,MASCULINO,NÃO INFORMADO,SUPERIOR COMPLETO,38128
RN,Natal,MASCULINO,NÃO INFORMADO,SUPERIOR INCOMPLETO,22642
RN,Natal,MASCULINO,Parda,ANALFABETO,238
RN,Natal,MASCULINO,Parda,ENSINO FUNDAMENTAL COMPLETO,619
RN,Natal,MASCULINO,Parda,ENSINO FUNDAMENTAL INCOMPLETO,2025
RN,Natal,MASCULINO,Parda,ENSINO MÉDIO COMPLETO,2481
RN,Natal,MASCULINO,Parda,ENSINO MÉDIO INCOMPLETO,2528
RN,Natal,MASCULINO,Parda,LÊ E ESCREVE,278
RN,Natal,MASCULINO,Parda,SUPERIOR COMPLETO,798
RN,Natal,MASCULINO,Parda,SUPERIOR INCOMPLETO,552
RN,Natal,MASCULINO,Preta,ANALFABETO,51
RN,Natal,MASCULINO,Preta,ENSINO FUNDAMENTAL COMPLETO,90
RN,Natal,MASCULINO,Preta,ENSINO FUNDAMENTAL INCOMPLETO,398
RN,Natal,MASCULINO,Preta,ENSINO MÉDIO COMPLETO,472
RN,Natal,MASCULINO,Preta,ENSINO MÉDIO INCOMPLETO,508
RN,Natal,MASCULINO,Preta,LÊ E ESCREVE,57
RN,Natal,MASCULINO,Preta,SUPERIOR COMPLETO,112
RN,Natal,MASCULINO,Preta,SUPERIOR INCOMPLETO,111
RN,Natal,NÃO INFORMADO,NÃO INFORMADO,ENSINO FUNDAMENTAL COMPLETO,1
SE,Aracaju,FEMININO,Amarela,ENSINO FUNDAMENTAL COMPLETO,6
SE,Aracaju,FEMININO,Amarela,ENSINO FUNDAMENTAL INCOMPLETO,13
SE,Aracaju,FEMININO,Amarela,ENSINO MÉDIO COMPLETO,48
SE,Aracaju,FEMININO,Amarela,ENSINO MÉDIO INCOMPLETO,14
SE,Aracaju,FEMININO,Amarela,SUPERIOR COMPLETO,24
SE,Aracaju,FEMININO,Amarela,SUPERIOR INCOMPLETO,7
SE,Aracaju,FEMININO,Branca,ANALFABETO,22
SE,Aracaju,FEMININO,Branca,ENSINO FUNDAMENTAL COMPLETO,103
SE,Aracaju,FEMININO,Branca,ENSINO FUNDAMENTAL INCOMPLETO,260
SE,Aracaju,FEMININO,Branca,ENSINO MÉDIO COMPLETO,1018
SE,Aracaju,FEMININO,Branca,ENSINO MÉDIO INCOMPLETO,614
SE,Aracaju,FEMININO,Branca,LÊ E ESCREVE,23
SE,Aracaju,FEMININO,Branca,SUPERIOR COMPLETO,776
SE,Aracaju,FEMININO,Branca,SUPERIOR INCOMPLETO,444
SE,Aracaju,FEMININO,Indígena,ENSINO MÉDIO COMPLETO,1
SE,Aracaju,FEMININO,Indígena,ENSINO MÉDIO INCOMPLETO,1
SE,Aracaju,FEMININO,Indígena,SUPERIOR COMPLETO,1
SE,Aracaju,FEMININO,NÃO INFORMADO,ANALFABETO,2304
SE,Aracaju,FEMININO,NÃO INFORMADO,ENSINO FUNDAMENTAL COMPLETO,9220
SE,Aracaju,FEMININO,NÃO INFORMADO,ENSINO FUNDAMENTAL INCOMPLETO,36882
SE,Aracaju,FEMININO,NÃO INFORMADO,ENSINO MÉDIO COMPLETO,64853
SE,Aracaju,FEMININO,NÃO INFORMADO,ENSINO MÉDIO INCOMPLETO,30312
SE,Aracaju,FEMININO,NÃO INFORMADO,LÊ E ESCREVE,7580
SE,Aracaju,FEMININO,NÃO INFORMADO,SUPERIOR COMPLETO,44071
SE,Aracaju,FEMININO,NÃO INFORMADO,SUPERIOR INCOMPLETO,22443
SE,Aracaju,FEMININO,Parda,ANALFABETO,98
SE,Aracaju,FEMININO,Parda,ENSINO FUNDAMENTAL COMPLETO,271
SE,Aracaju,FEMININO,Parda,ENSINO FUNDAMENTAL INCOMPLETO,1288
SE,Aracaju,FEMININO,Parda,ENSINO MÉDIO COMPLETO,2587
SE,Aracaju,FEMININO,Parda,ENSINO MÉDIO INCOMPLETO,1617
SE,Aracaju,FEMININO,Parda,LÊ E ESCREVE,139
SE,Aracaju,FEMININO,Parda,SUPERIOR COMPLETO,1141
SE,Aracaju,FEMININO,Parda,SUPERIOR INCOMPLETO,623
SE,Aracaju,FEMININO,Preta,ANALFABETO,18
SE,Aracaju,FEMININO,Preta,ENSINO FUNDAMENTAL COMPLETO,66
SE,Aracaju,FEMININO,Preta,ENSINO FUNDAMENTAL INCOMPLETO,301
SE,Aracaju,FEMININO,Preta,ENSINO MÉDIO COMPLETO,638
SE,Aracaju,FEMININO,Preta,ENSINO MÉDIO INCOMPLETO,441
SE,Aracaju,FEMININO,Preta,LÊ E ESCREVE,29
SE,Aracaju,FEMININO,Preta,SUPERIOR COMPLETO,215
SE,Aracaju,FEMININO,Preta,SUPERIOR INCOMPLETO,158
SE,Aracaju,MASCULINO,Amarela,ANALFABETO,1
SE,Aracaju,MASCULINO,Amarela,ENSINO FUNDAMENTAL INCOMPLETO,9
SE,Aracaju,MASCULINO,Amarela,ENSINO MÉDIO COMPLETO,15
SE,Aracaju,MASCULINO,Amarela,ENSINO MÉDIO INCOMPLETO,11
SE,Aracaju,MASCULINO,Amarela,SUPERIOR COMPLETO,8
SE,Aracaju,MASCULINO,Amarela,SUPERIOR INCOMPLETO,5
SE,Aracaju,MASCULINO,Branca,ANALFABETO,30
SE,Aracaju,MASCULINO,Branca,ENSINO FUNDAMENTAL COMPLETO,73
SE,Aracaju,MASCULINO,Branca,ENSINO FUNDAMENTAL INCOMPLETO,261
SE,Aracaju,MASCULINO,Branca,ENSINO MÉDIO COMPLETO,889
SE,Aracaju,MASCULINO,Branca,ENSINO MÉDIO INCOMPLETO,632
SE,Aracaju,MASCULINO,Branca,LÊ E ESCREVE,21
SE,Aracaju,MASCULINO,Branca,SUPERIOR COMPLETO,428
SE,Aracaju,MASCULINO,Branca,SUPERIOR INCOMPLETO,374
SE,Aracaju,MASCULINO,Indígena,ENSINO FUNDAMENTAL COMPLETO,1
SE,Aracaju,MASCULINO,Indígena,ENSINO FUNDAMENTAL INCOMPLETO,1
SE,Aracaju,MASCULINO,Indígena,ENSINO MÉDIO COMPLETO,4
SE,Aracaju,MASCULINO,Indígena,ENSINO MÉDIO INCOMPLETO,2
SE,Aracaju,MASCULINO,Indígena,SUPERIOR COMPLETO,2
SE,Aracaju,MASCULINO,Indígena,SUPERIOR INCOMPLETO,2
SE,Aracaju,MASCULINO,NÃO INFORMADO,ANALFABETO,1388
SE,Aracaju,MASCULINO,NÃO INFORMADO,ENSINO FUNDAMENTAL COMPLETO,8278
SE,Aracaju,MASCULINO,NÃO INFORMADO,ENSINO FUNDAMENTAL INCOMPLETO,32544
SE,Aracaju,MASCULINO,NÃO INFORMADO,ENSINO MÉDIO COMPLETO,51237
SE,Aracaju,MASCULINO,NÃO INFORMADO,ENSINO MÉDIO INCOMPLETO,27509
SE,Aracaju,MASCULINO,NÃO INFORMADO,LÊ E ESCREVE,5608
SE,Aracaju,MASCULINO,NÃO INFORMADO,SUPERIOR COMPLETO,27488
SE,Aracaju,MASCULINO,NÃO INFORMADO,SUPERIOR INCOMPLETO,20486
SE,Aracaju,MASCULINO,Parda,ANALFABETO,127
SE,Aracaju,MASCULINO,Parda,ENSINO FUNDAMENTAL COMPLETO,272
SE,Aracaju,MASCULINO,Parda,ENSINO FUNDAMENTAL INCOMPLETO,1272
SE,Aracaju,MASCULINO,Parda,ENSINO MÉDIO COMPLETO,2085
SE,Aracaju,MASCULINO,Parda,ENSINO MÉDIO INCOMPLETO,1666
SE,Aracaju,MASCULINO,Parda,LÊ E ESCREVE,143
SE,Aracaju,MASCULINO,Parda,SUPERIOR COMPLETO,627
SE,Aracaju,MASCULINO,Parda,SUPERIOR INCOMPLETO,488
SE,Aracaju,MASCULINO,Preta,ANALFABETO,30
SE,Aracaju,MASCULINO,Preta,ENSINO FUNDAMENTAL COMPLETO,76
SE,Aracaju,MASCULINO,Preta,ENSINO FUNDAMENTAL INCOMPLETO,413
SE,Aracaju,MASCULINO,Preta,ENSINO MÉDIO COMPLETO,602
SE,Aracaju,MASCULINO,Preta,ENSINO MÉDIO INCOMPLETO,564
SE,Aracaju,MASCULINO,Preta,LÊ E ESCREVE,31
SE,Aracaju,MASCULINO,Preta,SUPERIOR COMPLETO,114
SE,Aracaju,MASCULINO,Preta,SUPERIOR INCOMPLETO,118
